PRAGMA foreign_keys=OFF;
BEGIN TRANSACTION;
CREATE TABLE user (
	id INTEGER NOT NULL, 
	email VARCHAR(150), 
	password VARCHAR(150), 
	first_name VARCHAR(150), 
	role VARCHAR(50), 
	is_email_confirmed BOOLEAN, 
	PRIMARY KEY (id), 
	UNIQUE (email)
);
INSERT INTO user VALUES(1,'nesbru144@adminmail.nimda','pbkdf2:sha256:260000$1HcVGleWtJAzgJGh$0b1c30fe178460cb3a881b5467f54f80202a107629c9d20f6deda22b2631acb8','Alexander Bjørndal','admin',1);
INSERT INTO user VALUES(3,'christinap@afk.no','pbkdf2:sha256:260000$qN1HjuhEK5vGircC$f511725edd69b1d45377da030364ad440ccb6718b11a505a539124cff97e4ef2','Christina Pedersen','user',1);
INSERT INTO user VALUES(4,'timms@afk.no','pbkdf2:sha256:260000$yN6EUuP3ZMJi1P77$a4a36a09dc596789f14d1db5b9c49115e119ea079fff85d52e90c176625bf64a','Timm','user',1);
INSERT INTO user VALUES(5,'janeiriktr@afk.no','pbkdf2:sha256:260000$0gPF70X3snPcvzS6$ba4db40df54a73d66dc72a0a6087d4cc78d169265853615ecce4d94a77011171','Jan Trudvang','user',1);
INSERT INTO user VALUES(6,'priscilak@afk.no','pbkdf2:sha256:260000$H72XRMJHX1Q052FZ$092232e29ba948a448207044e62e68e77607428780656cd0b6b6543193e3fd3c','Priscila Kohler','user',1);
INSERT INTO user VALUES(7,'benedicbr@afk.no','pbkdf2:sha256:260000$YelqGijxNmlCZMLe$5de33386a0a39d7878a2525afd117e03fb1609d0f6628215b9ff9f890dcfca8d','Benedicte Brekke','user',1);
INSERT INTO user VALUES(8,'emilyen@afk.no','pbkdf2:sha256:260000$G6TC0uPKkDuJG1DZ$e88f7006bc75b6fea911ede0f3e5b8feecc454921a2daa46c9eb820b9d5387a3','Emily Engedahl','user',1);
INSERT INTO user VALUES(9,'ingaf@afk.no','pbkdf2:sha256:260000$uDxgNpxmpDCLARfv$4c6fd1d7cd09ff2e560e8e76c829a609d3e4440bdee7aeee4868c478d773c78b','Inga Often Flø','user',1);
INSERT INTO user VALUES(10,'alexandebj@afk.no','pbkdf2:sha256:260000$WvL5YDEZaBZqXuIa$e04ef205ebd3753ef8c9016ef4109c0329a1b8ae205bbf86a0a1825061b3c3d8','Alexander Bjørndal','user',1);
INSERT INTO user VALUES(11,'fabricep@afk.no','pbkdf2:sha256:260000$B8vCYJmvO54QP5Jl$41f3c2a446df6cd58478baf41aa7dac89ed838d5cbe1df57e177f41dce73afec','Fabrice Prieur','user',1);
INSERT INTO user VALUES(12,'jonst@afk.no','pbkdf2:sha256:260000$bGngzrRpjmN3Cz7r$f82220a3e2139c414c6d09dff66b2fcf92be76b926edbf7fc9adf6d7d24d20e3','Jon Morten Steinveg','user',1);
INSERT INTO user VALUES(13,'karolinedu@afk.no','pbkdf2:sha256:260000$fWjgCliUCiFKzyME$b5ef676055f5ac06bb86d41c1a697b3f0d21d7eee14b080cd267bb024f6982a4','Karoline Furset Duvold','user',1);
INSERT INTO user VALUES(14,'millegi@afk.no','pbkdf2:sha256:260000$yFVLxO11xCSfxJfJ$9fffffaa7f8ff4634644a0e2bfa10fe9ce01292e6ba9d8a7107e9299eb1bbd93','Mille Sofie Fjeld Gimse','user',1);
INSERT INTO user VALUES(15,'knutrost@afk.no','pbkdf2:sha256:260000$SOha5V5FgLGVjJqx$487294f3577a4f98b1ec0144df7ac9cb90e3a7990f0e49bd4195f42cc432cea8','Knut Rostrup','user',1);
INSERT INTO user VALUES(17,'ingridlo@afk.no','pbkdf2:sha256:260000$Lw8WIpAwuRg4uMO6$f7336a931a8b06c49e96c567fb448da3deded2ecbb1d1b97d472ff0e1489e0f9','Ingrid Løtveit Vindorum','user',1);
INSERT INTO user VALUES(18,'kirstib@afk.no','pbkdf2:sha256:260000$8RdBNphsuxS53Dwk$14f1f3f68703869f0b5b6486db886a3825e1af6016ec25050aa57019a80c0c0a','Kirsti Bråten','user',1);
INSERT INTO user VALUES(19,'teste@afk.no','pbkdf2:sha256:260000$rtj75L6ZrhDKnxam$acc3d73cd23843a075a6becdc3dd402cac3722025aada7f762c316007bb8550a','Test','user',1);
INSERT INTO user VALUES(20,'ellenskj@afk.no','pbkdf2:sha256:260000$bm6fVNEZytL1IpcG$a2c0b42a66b480782c9bfda1fc57ea4dd755c3b5c86a760a758feb3ebd5074a9','Ellen Skjønsfjell','user',1);
INSERT INTO user VALUES(21,'elfridt@afk.no','pbkdf2:sha256:260000$xa5kEHaZG7ODdTmr$f6b012fc70ef99fd31515f66210fd420fa7e13a2073d8ba0dcddecf31d60a711','Elfrid','user',1);
INSERT INTO user VALUES(22,'mirjanaj@afk.no','pbkdf2:sha256:260000$jP5UYYyGeQWpbMMn$752627fb5b5d9871608844fe115bb0d299f58007e972d81e2b349830238db35a','Mirjana','user',1);
CREATE TABLE opplegg (
	id INTEGER NOT NULL, 
	name VARCHAR(1000), 
	data VARCHAR(10000), 
	date DATETIME, 
	user_id INTEGER, 
	PRIMARY KEY (id), 
	FOREIGN KEY(user_id) REFERENCES user (id)
);
INSERT INTO opplegg VALUES(1,'5-3-1','Elevene skriver ned fem begrep fra det de har jobbet med. Deretter får det beskjed om å skrive tre setninger for å forklare tre av begrepene de skrev ned. Til slutt skriver de et avsnitt om ett av begrepene de skrev ned. Det går an å variere tallene (altså 5-3-1) for å gjøre det større eller mindre. Man kan også øke mengden jobb ved å si at de skal skrive en setning som forklarer fem begrep, deretter tre avsnitt om tre av begrepene og til slutt en tekst om ett av begrepene.','2024-11-06 14:39:30',1);
INSERT INTO opplegg VALUES(2,'Forrest Gump','Elevene blir bedt om å sammenligne et konsept eller begrep de jobber med, med noe tilfeldig. For eksempel: "På hvilken måte var andre verdenskrig som en fotballkamp?" eller "Hva er likhetene og forskjellene mellom en ionebinding og en binders?"','2024-11-06 14:40:19',1);
INSERT INTO opplegg VALUES(3,'Hvite tavler','Elevene blir delt inn i tilfeldige grupper og får hver sin tavle (fastmontert i rommet, eller egne klistreark som festes rundt i rommet). Deretter får de oppgaver de skal løse sammen. Her finnes det veldig mange utvidelser og muligheter. Noen eksempler: Elevene har ulike farger på tusjene, eleven som har skriver er kun sekretær og de andre må fortelle hen hva som skal skrives, oppgavene delt opp så det er en lav inngangsterskel, men høyt tak, når elevene er ferdige med en oppgave har læreren klar en ny. Se mer i Liljedahls bok "Å bygge tenkende klasserom i matematikk"','2024-11-06 14:41:10',1);
INSERT INTO opplegg VALUES(4,'Fish bowl','Elevene blir delt i en indre og en ytre sirkel. De som sitter i den indre sirkelen deltar aktivt i diskusjonen om et tema, mens de i den ytre sirkelen observerer. Når noen fra den ytre sirkelen ønsker å delta, kan de bytte plass med noen i den indre sirkelen. Diskusjonen kan være basert på et spørsmål eller en problemstilling, og elevene oppfordres til å dele sine perspektiver.','2024-11-06 14:41:52',1);
INSERT INTO opplegg VALUES(5,'Flipped classroom','Elevene ser videoer eller leser materiale hjemme før de kommer til timen. Tiden i klasserommet brukes til diskusjoner, gruppearbeid eller praktiske oppgaver relatert til stoffet de har sett videoer eller lest om hjemme.','2024-11-06 14:42:57',1);
INSERT INTO opplegg VALUES(6,'Finn ett objekt','Elevene får i oppgave å finne et objekt i klasserommet eller et annet sted som representerer et spesifikt konsept (f.eks. "Finn et objekt som symboliserer samarbeid"). De presenterer deretter objektet for klassen og forklarer hvorfor de valgte det.','2024-11-06 14:43:53',1);
INSERT INTO opplegg VALUES(7,'Ta tre bilder','Elevene tar tre bilder som illustrerer et tema eller en problemstilling (f.eks. "Ta tre bilder som viser hva bærekraft betyr for deg"). Deretter deler de bildene med klassen og diskuterer betydningen av hvert bilde.','2024-11-06 14:44:37',1);
INSERT INTO opplegg VALUES(8,'Hvem har skylden?','Elevene blir delt inn i grupper og får et etisk dilemma eller en situasjon med flere involverte parter. Hver gruppe må diskutere og avgjøre hvem de mener har skylden, og begrunne avgjørelsen sin. ','2024-11-06 14:45:23',1);
INSERT INTO opplegg VALUES(9,'Tankekart','Elevene lager et tankekart om et emne de har lært. De begynner med et sentralt begrep i midten og tegner grener med relaterte ideer og konsepter. Deretter kan de presentere tankekartene sine for klassen. Dette hjelper dem med å organisere tankene sine og se sammenhenger mellom ulike temaer.','2024-11-06 14:46:06',1);
INSERT INTO opplegg VALUES(10,'Samtaleoppgaver','Elevene får utdelt oppgaver eller en prøve de jobber med alene. Deretter går de sammen i grupper, eller helt fritt i hele klassen (inkludert læreren) og spør hverandre om hjelp med det de ikke klarte. Så går de tilbake og jobber individuelt. Dette kan gjøres i flere omganger.','2024-11-06 14:51:40',1);
INSERT INTO opplegg VALUES(11,'Level-up','Elevene får en enkel oppgave som de skal løse. Så kan de sjekke svaret med læreren. Hvis de har klart oppgaven blir det "level-up", og de får en vanskeligere oppgave. Sånn kan det fortsette med vanskeligere og vanskeligere oppgaver.','2024-11-06 14:54:56',1);
INSERT INTO opplegg VALUES(12,'Tenkeboks','Elevene jobber i grupper og får utdelt en «tenkeboks» med forskjellige spørsmål som er knyttet til temaet de jobber med. Hver elev trekker et spørsmål fra boksen, og de skal diskutere svaret sitt med de andre i gruppen. Dette kan være alt fra fagrelaterte spørsmål til refleksjoner om hvordan de kan bruke læringen i hverdagen. Etter en runde med diskusjon, kan gruppene sammenligne sine tanker med resten av klassen.','2024-11-06 14:56:01',1);
INSERT INTO opplegg VALUES(13,'Puslespill','Elevene får utdelt deler av et større puslespill, der hver gruppe eller person har en bit av informasjon som er nødvendig for å løse en oppgave. For å få hele bildet, må de samarbeide og dele informasjon.','2024-11-06 14:57:25',1);
INSERT INTO opplegg VALUES(14,'Hverandre-undervisning','Elevene får i oppgave å forberede og lære bort et spesifikt emne til en klassekamerat. Dette kan være et fagtema eller et spesifikt ferdighetsområde. Gjennom å lære bort stoffet, får elevene en dypere forståelse av materialet selv.','2024-11-06 14:59:01',1);
INSERT INTO opplegg VALUES(15,'Loppemarked','Elevene får litt tid til å skrive ned fem (eller færre) ting de kan om det neste temaet man skal begynne med. Når de er fornøyde skal de gå rundt og "kjøpe" andres informasjon og skrive det ned til seg selv. De skal ende opp med ti (eller færre) ulike ting om det nye temaet. Disse bør samles inn og sjekkes av lærer før neste time for å passe på at det ikke er mye feilinformasjon mellom elevene. ','2024-11-06 15:03:47',1);
INSERT INTO opplegg VALUES(16,'Utsending','Elevene jobber i grupper. Etter en bestemt tid sendes en elev til en annen gruppe for å finne ut hva de har lært. Deretter sendes eleven tilbake til sin opprinnelige gruppe for å forklare hva den andre gruppen hadde funnet ut.','2024-11-06 17:01:25',1);
INSERT INTO opplegg VALUES(17,'Hva er spørsmålet?','Læreren gir svar som "48", "en celle", "Romantikken" eller "annuitet", og elevene må finne spørsmål som passer til svaret.','2024-11-06 17:04:59',1);
INSERT INTO opplegg VALUES(18,'Tynn tråd','Elevene skal finne en tråd som kobler de til temaet de jobber med, uansett hvor tynn den er.  Et eksempel på en kobling til Stalin: "Jeg har en nabo som kjenner Jens Stoltenberg som har hilst på Putin som er president i Russland som pleide å være Sovjet hvor Stalin var diktator."','2024-11-06 17:09:41',1);
INSERT INTO opplegg VALUES(19,'Would I lie to you?','Læreren gir elevene to løgner og en sannhet og elevene må finne ut hva som er sant. Det kan være veldig korte oppgaver som: "Hvilken er riktig stavet: 1. Etterhvert 2. Etter hvert eller 3. Etter vært?" Det kan også være mer avansert som "1. Jordbruksrevolusjonen var en voldsom og brå overgang 2. Jordbruksrevolusjonen spredte seg raskere i øst-vest-retning enn i nord-sør-retning 3. De første sporene etter jordbruksrevolusjonen har blitt funnet i Mellom-Amerika."','2024-11-06 20:47:23',1);
INSERT INTO opplegg VALUES(20,'Hvor er x i dette?','Elevene får se et bilde og må finne matematikken/risikoen/skjønnheten/språket i bildet','2024-11-06 20:49:34',1);
INSERT INTO opplegg VALUES(21,'Treertest','Elevene bruker kilder og lager tre spørsmål (kanskje enkelt, middels og vanskelig) som de kan svarene på. Deretter spør man en elev om spørsmålene og resten av klassen må svare. Den som svarer riktig på det siste (vanskeligste) spørsmålet får stille sine tre spørsmål.','2024-11-06 20:52:56',1);
INSERT INTO opplegg VALUES(22,'Lag en oppskrift','Be elevene om å lage en oppskrift på hvordan man lager tredje verdenskrig, hvordan man analyserer et dikt, løser en matteoppgave, støper såle, eller noe annet.','2024-11-06 20:57:01',1);
INSERT INTO opplegg VALUES(23,'Hvem hadde vunnet i en slåsskamp?','Spør elevene om hvem som hadde vunnet i en slåsskamp av en spiker og en skrue, klor og magnesium, en firkant og en trekant eller et annuitetslån og et serielån.','2024-11-06 21:02:29',1);
INSERT INTO opplegg VALUES(24,'Bevis det!','Elevene blir delt i to lag og får påstander som de må bevise/motbevise ved å bruke kunnskap fra faget. Påstandene bør inneholde like mange riktige som gale påstander eller flere påstander som ikke kan bevises. Det er om å gjøre å ha flest måter å bevise tingene på. Eksempler: Bevis at en lyspære suger inn mørke heller enn å stråle ut lys, bevis at Norge er større enn Sverige, bevis at metall er nyttigere enn treverk, bevis at verden hadde vært ett bedre sted hvis det kun fantes en religion.','2024-11-06 21:08:24',1);
INSERT INTO opplegg VALUES(25,'Hvem skal ut?','Elevene får se fire bilder, fire tekster, fire setninger, fire ord eller noe annet og skal finne ut hvem som skal ut. En ekstra utfordring er å finne fire ulike forklaringer hvor alle fire viser at forskjellige ting skal ut.','2024-11-06 21:12:12',1);
INSERT INTO opplegg VALUES(26,'Gullkorn','Elevene skal se en film, høre på en podkast, lese en tekst, høre et foredrag eller lignende. Si at elevene må finne de tre gullkornene som er gjemt i filmen/podkasten/teksten/foredraget. Hemmeligheten er at det ikke er noen gullkorn, men det vet ikke elevene. Etter de har funnet gullkornene kan de ha et "loppemarked" hvor de "kjøper" gullkorn av hverandre.','2024-11-06 21:21:49',1);
INSERT INTO opplegg VALUES(27,'Velg et tall og en bokstav','En elev velger et tall mellom en og ti, en annen velger en bokstav i alfabetet. Nå må elevene skrive ned det antallet ting som begynner på bokstaven, og som har med temaet dere jobber med å gjøre.','2024-11-06 21:24:35',1);
INSERT INTO opplegg VALUES(28,'Det aller beste spørsmålet','Elevene får beskjed om å skrive ned det aller beste spørsmålet de kunne stilt Hitler, en høne, en neandertaler, kongen eller en annen. Tillat elevene å høre hverandres spørsmål så de kan slå dem sammen og lage et superspørsmål.','2024-11-06 21:29:52',1);
INSERT INTO opplegg VALUES(29,'Bevis på 60 sekunder','Elevene skal forberede en presentasjon på nøyaktig 60 sekunder hvor de beviser at de kan: relativitetsteorien, bøye svake verb, forskjellen på en novelle og en artikkel eller noe annet.','2024-11-06 21:33:15',1);
INSERT INTO opplegg VALUES(30,'Konstruksjoner Spagetti og marshmallows',replace(replace('Konstruksjoner\r\nMål: \r\nÅ prøve ut dynamikken i grupper\r\nÅ understreke behovet for planlegging og handling i hvilken som helst prosjekt\r\nÅ gjennomføre arbeid mot et mål\r\nMateriale\r\nSpagetti – ca 40 lengder per gruppe\r\nMarshmallows – ca 15 per gruppe\r\nAlternativ: Gi ulike mengder til gruppene for å demonstrere at forretningslivet ikke alltid er rettferdig.\r\nTid\r\n20 -30 minutter\r\nGjennomføring\r\n1.	Del deltakerne inn i grupper på 3 -5 personer. Fordel materialene til gruppene. Si at de ikke har lov til å røre materialene før du sier ifra.\r\n2.	Gi følgende instruksjon:\r\nSom lag skal dere planlegge og bygge et høyest mulig tårn ved bare å bruke marshmallows og spagetti. Ikke noe annet materiale skal brukes. Dere får 20 minutter til denne oppgaven. Dere kan bruke så mye tid dere ønsker til planlegging, men med en gang dere begynner å bygge kan dere ikke gå tilbake til planlegging. Under planleggingen kan dere snakke, men ikke røre materialene. Når dere begynner å bygge, kan dere ikke snakke sammen. Noen spørsmål?\r\n3.	Forsikre deg om at alle har forstått instruksene. Sett i gang klokka.\r\n4.	Gå rundt blant gruppene, mens de planlegger og bygger, det kan hende du må minne de på reglene. Minn de på tida med jevne mellomrom. Etter 20 minutter stopper du øvinga. Mål høyden på tårna. Det høyeste vinner. Det må stå i minst 5 sekunder etter stoppsignal.  Du kan premiere den beste – eller mest kreative – beste gruppeprosess e. l.\r\n5.	Gruppene rydder opp etter oppsummeringa. Det kan være artig å se hvor lenge tårnene står. Det skaper litt uro og latter når de kollapser, men det er en del av øvelsen.\r\nRefleksjon (i to plan: elevenes refleksjon og deretter lærerens refleksjoner)\r\nSett av 10 minutter til oppsummering og still følgende spørsmål:\r\n•	Hva følte dere under denne øvelsen? Endret det seg etter hvert som dere kom i gang med arbeidet?\r\n•	Hvilke problemer møtte dere, og hvordan løste dere de?\r\n•	Minnet ”konstruksjoner” dere om en annen situasjon dere har vært i? Hvordan?\r\n•	Hva forteller denne øvelsen dere om gruppearbeid? Om planlegging? Om gjennomføring? Om dere selv? Hvordan kan dere og elevene ha nytte av en slik øvelse?\r\nhttps://spark.adobe.com/video/raMHTZ4vVo8eD\r\n','\r',char(13)),'\n',char(10)),'2024-11-07 14:40:05',5);
INSERT INTO opplegg VALUES(31,'Silent discussion','Elevene diskuterer et tema, spørsmål eller tekst skriftlig uten å bruke muntlig kommunikasjon. Elevene skriver sine tanker, spørsmål og kommentarer på papir eller digitale verktøy, og kan svare på andres innlegg direkte. Aktiviteten gjennomføres i stillhet over en avgrenset tidsperiode, og avsluttes med en oppsummering der de viktigste poengene løftes fram.','2025-01-24 13:59:33',1);
INSERT INTO opplegg VALUES(32,'3-2-1, refleksjon','Elevene skriver ned 3 ting de lærte, 2 spørsmål de har, og 1 ting de syntes var interessant om et tema. Deretter deler de i små grupper eller i plenum for å oppsummere læringen.','2025-01-24 14:03:55',1);
INSERT INTO opplegg VALUES(33,'Kunnskapsstafett','Elevene deles i lag og får spørsmål eller oppgaver. Laget må diskutere og samarbeide raskt for å komme til enighet før de sender noen fram for å svare. Læreren kan gi neste oppgave til de som klarer en oppgave, eller lagene kan få alle oppgavene med en gang. Se også "level-up".','2025-01-24 14:07:28',1);
CREATE TABLE opplegg_traits (
	opplegg_id INTEGER, 
	trait_id INTEGER, 
	FOREIGN KEY(opplegg_id) REFERENCES opplegg (id), 
	FOREIGN KEY(trait_id) REFERENCES trait (id)
);
INSERT INTO opplegg_traits VALUES(1,1);
INSERT INTO opplegg_traits VALUES(1,2);
INSERT INTO opplegg_traits VALUES(1,3);
INSERT INTO opplegg_traits VALUES(1,4);
INSERT INTO opplegg_traits VALUES(1,6);
INSERT INTO opplegg_traits VALUES(1,8);
INSERT INTO opplegg_traits VALUES(1,9);
INSERT INTO opplegg_traits VALUES(1,10);
INSERT INTO opplegg_traits VALUES(1,11);
INSERT INTO opplegg_traits VALUES(1,15);
INSERT INTO opplegg_traits VALUES(1,16);
INSERT INTO opplegg_traits VALUES(1,18);
INSERT INTO opplegg_traits VALUES(1,19);
INSERT INTO opplegg_traits VALUES(1,23);
INSERT INTO opplegg_traits VALUES(1,31);
INSERT INTO opplegg_traits VALUES(1,32);
INSERT INTO opplegg_traits VALUES(1,33);
INSERT INTO opplegg_traits VALUES(1,34);
INSERT INTO opplegg_traits VALUES(1,36);
INSERT INTO opplegg_traits VALUES(2,2);
INSERT INTO opplegg_traits VALUES(2,3);
INSERT INTO opplegg_traits VALUES(2,6);
INSERT INTO opplegg_traits VALUES(2,9);
INSERT INTO opplegg_traits VALUES(2,10);
INSERT INTO opplegg_traits VALUES(2,11);
INSERT INTO opplegg_traits VALUES(2,14);
INSERT INTO opplegg_traits VALUES(2,18);
INSERT INTO opplegg_traits VALUES(2,19);
INSERT INTO opplegg_traits VALUES(2,30);
INSERT INTO opplegg_traits VALUES(2,32);
INSERT INTO opplegg_traits VALUES(2,33);
INSERT INTO opplegg_traits VALUES(2,34);
INSERT INTO opplegg_traits VALUES(2,35);
INSERT INTO opplegg_traits VALUES(2,36);
INSERT INTO opplegg_traits VALUES(3,1);
INSERT INTO opplegg_traits VALUES(3,2);
INSERT INTO opplegg_traits VALUES(3,6);
INSERT INTO opplegg_traits VALUES(3,7);
INSERT INTO opplegg_traits VALUES(3,10);
INSERT INTO opplegg_traits VALUES(3,11);
INSERT INTO opplegg_traits VALUES(3,12);
INSERT INTO opplegg_traits VALUES(3,15);
INSERT INTO opplegg_traits VALUES(3,16);
INSERT INTO opplegg_traits VALUES(3,17);
INSERT INTO opplegg_traits VALUES(3,18);
INSERT INTO opplegg_traits VALUES(3,29);
INSERT INTO opplegg_traits VALUES(3,30);
INSERT INTO opplegg_traits VALUES(3,32);
INSERT INTO opplegg_traits VALUES(3,33);
INSERT INTO opplegg_traits VALUES(3,34);
INSERT INTO opplegg_traits VALUES(3,35);
INSERT INTO opplegg_traits VALUES(3,36);
INSERT INTO opplegg_traits VALUES(4,1);
INSERT INTO opplegg_traits VALUES(4,2);
INSERT INTO opplegg_traits VALUES(4,7);
INSERT INTO opplegg_traits VALUES(4,12);
INSERT INTO opplegg_traits VALUES(4,13);
INSERT INTO opplegg_traits VALUES(4,15);
INSERT INTO opplegg_traits VALUES(4,16);
INSERT INTO opplegg_traits VALUES(4,17);
INSERT INTO opplegg_traits VALUES(4,18);
INSERT INTO opplegg_traits VALUES(4,21);
INSERT INTO opplegg_traits VALUES(4,29);
INSERT INTO opplegg_traits VALUES(4,30);
INSERT INTO opplegg_traits VALUES(4,32);
INSERT INTO opplegg_traits VALUES(4,33);
INSERT INTO opplegg_traits VALUES(4,34);
INSERT INTO opplegg_traits VALUES(4,35);
INSERT INTO opplegg_traits VALUES(4,36);
INSERT INTO opplegg_traits VALUES(5,4);
INSERT INTO opplegg_traits VALUES(5,8);
INSERT INTO opplegg_traits VALUES(5,9);
INSERT INTO opplegg_traits VALUES(5,10);
INSERT INTO opplegg_traits VALUES(5,14);
INSERT INTO opplegg_traits VALUES(5,15);
INSERT INTO opplegg_traits VALUES(5,16);
INSERT INTO opplegg_traits VALUES(5,17);
INSERT INTO opplegg_traits VALUES(5,19);
INSERT INTO opplegg_traits VALUES(5,20);
INSERT INTO opplegg_traits VALUES(5,29);
INSERT INTO opplegg_traits VALUES(5,33);
INSERT INTO opplegg_traits VALUES(5,34);
INSERT INTO opplegg_traits VALUES(5,35);
INSERT INTO opplegg_traits VALUES(5,36);
INSERT INTO opplegg_traits VALUES(5,37);
INSERT INTO opplegg_traits VALUES(6,2);
INSERT INTO opplegg_traits VALUES(6,4);
INSERT INTO opplegg_traits VALUES(6,6);
INSERT INTO opplegg_traits VALUES(6,8);
INSERT INTO opplegg_traits VALUES(6,9);
INSERT INTO opplegg_traits VALUES(6,10);
INSERT INTO opplegg_traits VALUES(6,11);
INSERT INTO opplegg_traits VALUES(6,14);
INSERT INTO opplegg_traits VALUES(6,15);
INSERT INTO opplegg_traits VALUES(6,16);
INSERT INTO opplegg_traits VALUES(6,17);
INSERT INTO opplegg_traits VALUES(6,18);
INSERT INTO opplegg_traits VALUES(6,19);
INSERT INTO opplegg_traits VALUES(6,20);
INSERT INTO opplegg_traits VALUES(6,21);
INSERT INTO opplegg_traits VALUES(6,22);
INSERT INTO opplegg_traits VALUES(6,30);
INSERT INTO opplegg_traits VALUES(6,32);
INSERT INTO opplegg_traits VALUES(6,33);
INSERT INTO opplegg_traits VALUES(6,34);
INSERT INTO opplegg_traits VALUES(6,35);
INSERT INTO opplegg_traits VALUES(6,36);
INSERT INTO opplegg_traits VALUES(7,2);
INSERT INTO opplegg_traits VALUES(7,3);
INSERT INTO opplegg_traits VALUES(7,4);
INSERT INTO opplegg_traits VALUES(7,6);
INSERT INTO opplegg_traits VALUES(7,8);
INSERT INTO opplegg_traits VALUES(7,9);
INSERT INTO opplegg_traits VALUES(7,10);
INSERT INTO opplegg_traits VALUES(7,15);
INSERT INTO opplegg_traits VALUES(7,16);
INSERT INTO opplegg_traits VALUES(7,19);
INSERT INTO opplegg_traits VALUES(7,20);
INSERT INTO opplegg_traits VALUES(7,21);
INSERT INTO opplegg_traits VALUES(7,24);
INSERT INTO opplegg_traits VALUES(7,25);
INSERT INTO opplegg_traits VALUES(7,32);
INSERT INTO opplegg_traits VALUES(7,33);
INSERT INTO opplegg_traits VALUES(7,35);
INSERT INTO opplegg_traits VALUES(7,36);
INSERT INTO opplegg_traits VALUES(8,1);
INSERT INTO opplegg_traits VALUES(8,2);
INSERT INTO opplegg_traits VALUES(8,6);
INSERT INTO opplegg_traits VALUES(8,7);
INSERT INTO opplegg_traits VALUES(8,8);
INSERT INTO opplegg_traits VALUES(8,11);
INSERT INTO opplegg_traits VALUES(8,12);
INSERT INTO opplegg_traits VALUES(8,13);
INSERT INTO opplegg_traits VALUES(8,15);
INSERT INTO opplegg_traits VALUES(8,16);
INSERT INTO opplegg_traits VALUES(8,17);
INSERT INTO opplegg_traits VALUES(8,18);
INSERT INTO opplegg_traits VALUES(8,29);
INSERT INTO opplegg_traits VALUES(8,30);
INSERT INTO opplegg_traits VALUES(8,32);
INSERT INTO opplegg_traits VALUES(8,33);
INSERT INTO opplegg_traits VALUES(8,34);
INSERT INTO opplegg_traits VALUES(8,35);
INSERT INTO opplegg_traits VALUES(8,36);
INSERT INTO opplegg_traits VALUES(9,1);
INSERT INTO opplegg_traits VALUES(9,2);
INSERT INTO opplegg_traits VALUES(9,3);
INSERT INTO opplegg_traits VALUES(9,4);
INSERT INTO opplegg_traits VALUES(9,6);
INSERT INTO opplegg_traits VALUES(9,8);
INSERT INTO opplegg_traits VALUES(9,9);
INSERT INTO opplegg_traits VALUES(9,10);
INSERT INTO opplegg_traits VALUES(9,14);
INSERT INTO opplegg_traits VALUES(9,15);
INSERT INTO opplegg_traits VALUES(9,16);
INSERT INTO opplegg_traits VALUES(9,18);
INSERT INTO opplegg_traits VALUES(9,19);
INSERT INTO opplegg_traits VALUES(9,31);
INSERT INTO opplegg_traits VALUES(9,33);
INSERT INTO opplegg_traits VALUES(9,35);
INSERT INTO opplegg_traits VALUES(9,36);
INSERT INTO opplegg_traits VALUES(10,1);
INSERT INTO opplegg_traits VALUES(10,2);
INSERT INTO opplegg_traits VALUES(10,7);
INSERT INTO opplegg_traits VALUES(10,8);
INSERT INTO opplegg_traits VALUES(10,9);
INSERT INTO opplegg_traits VALUES(10,10);
INSERT INTO opplegg_traits VALUES(10,11);
INSERT INTO opplegg_traits VALUES(10,12);
INSERT INTO opplegg_traits VALUES(10,16);
INSERT INTO opplegg_traits VALUES(10,17);
INSERT INTO opplegg_traits VALUES(10,18);
INSERT INTO opplegg_traits VALUES(10,21);
INSERT INTO opplegg_traits VALUES(10,26);
INSERT INTO opplegg_traits VALUES(10,29);
INSERT INTO opplegg_traits VALUES(10,30);
INSERT INTO opplegg_traits VALUES(10,32);
INSERT INTO opplegg_traits VALUES(10,33);
INSERT INTO opplegg_traits VALUES(10,34);
INSERT INTO opplegg_traits VALUES(10,35);
INSERT INTO opplegg_traits VALUES(10,36);
INSERT INTO opplegg_traits VALUES(10,37);
INSERT INTO opplegg_traits VALUES(11,1);
INSERT INTO opplegg_traits VALUES(11,2);
INSERT INTO opplegg_traits VALUES(11,7);
INSERT INTO opplegg_traits VALUES(11,9);
INSERT INTO opplegg_traits VALUES(11,10);
INSERT INTO opplegg_traits VALUES(11,15);
INSERT INTO opplegg_traits VALUES(11,16);
INSERT INTO opplegg_traits VALUES(11,17);
INSERT INTO opplegg_traits VALUES(11,18);
INSERT INTO opplegg_traits VALUES(11,29);
INSERT INTO opplegg_traits VALUES(11,31);
INSERT INTO opplegg_traits VALUES(11,32);
INSERT INTO opplegg_traits VALUES(11,35);
INSERT INTO opplegg_traits VALUES(11,36);
INSERT INTO opplegg_traits VALUES(11,37);
INSERT INTO opplegg_traits VALUES(12,2);
INSERT INTO opplegg_traits VALUES(12,7);
INSERT INTO opplegg_traits VALUES(12,8);
INSERT INTO opplegg_traits VALUES(12,11);
INSERT INTO opplegg_traits VALUES(12,12);
INSERT INTO opplegg_traits VALUES(12,13);
INSERT INTO opplegg_traits VALUES(12,15);
INSERT INTO opplegg_traits VALUES(12,16);
INSERT INTO opplegg_traits VALUES(12,17);
INSERT INTO opplegg_traits VALUES(12,18);
INSERT INTO opplegg_traits VALUES(12,21);
INSERT INTO opplegg_traits VALUES(12,26);
INSERT INTO opplegg_traits VALUES(12,29);
INSERT INTO opplegg_traits VALUES(12,30);
INSERT INTO opplegg_traits VALUES(12,32);
INSERT INTO opplegg_traits VALUES(12,34);
INSERT INTO opplegg_traits VALUES(12,35);
INSERT INTO opplegg_traits VALUES(12,36);
INSERT INTO opplegg_traits VALUES(13,2);
INSERT INTO opplegg_traits VALUES(13,5);
INSERT INTO opplegg_traits VALUES(13,7);
INSERT INTO opplegg_traits VALUES(13,8);
INSERT INTO opplegg_traits VALUES(13,11);
INSERT INTO opplegg_traits VALUES(13,12);
INSERT INTO opplegg_traits VALUES(13,13);
INSERT INTO opplegg_traits VALUES(13,14);
INSERT INTO opplegg_traits VALUES(13,15);
INSERT INTO opplegg_traits VALUES(13,16);
INSERT INTO opplegg_traits VALUES(13,17);
INSERT INTO opplegg_traits VALUES(13,18);
INSERT INTO opplegg_traits VALUES(13,20);
INSERT INTO opplegg_traits VALUES(13,21);
INSERT INTO opplegg_traits VALUES(13,26);
INSERT INTO opplegg_traits VALUES(13,29);
INSERT INTO opplegg_traits VALUES(13,30);
INSERT INTO opplegg_traits VALUES(13,32);
INSERT INTO opplegg_traits VALUES(13,35);
INSERT INTO opplegg_traits VALUES(13,36);
INSERT INTO opplegg_traits VALUES(14,2);
INSERT INTO opplegg_traits VALUES(14,4);
INSERT INTO opplegg_traits VALUES(14,8);
INSERT INTO opplegg_traits VALUES(14,10);
INSERT INTO opplegg_traits VALUES(14,11);
INSERT INTO opplegg_traits VALUES(14,16);
INSERT INTO opplegg_traits VALUES(14,17);
INSERT INTO opplegg_traits VALUES(14,18);
INSERT INTO opplegg_traits VALUES(14,19);
INSERT INTO opplegg_traits VALUES(14,20);
INSERT INTO opplegg_traits VALUES(14,21);
INSERT INTO opplegg_traits VALUES(14,30);
INSERT INTO opplegg_traits VALUES(14,31);
INSERT INTO opplegg_traits VALUES(14,34);
INSERT INTO opplegg_traits VALUES(14,35);
INSERT INTO opplegg_traits VALUES(14,36);
INSERT INTO opplegg_traits VALUES(15,2);
INSERT INTO opplegg_traits VALUES(15,7);
INSERT INTO opplegg_traits VALUES(15,8);
INSERT INTO opplegg_traits VALUES(15,11);
INSERT INTO opplegg_traits VALUES(15,12);
INSERT INTO opplegg_traits VALUES(15,13);
INSERT INTO opplegg_traits VALUES(15,15);
INSERT INTO opplegg_traits VALUES(15,16);
INSERT INTO opplegg_traits VALUES(15,18);
INSERT INTO opplegg_traits VALUES(15,20);
INSERT INTO opplegg_traits VALUES(15,21);
INSERT INTO opplegg_traits VALUES(15,23);
INSERT INTO opplegg_traits VALUES(15,24);
INSERT INTO opplegg_traits VALUES(15,30);
INSERT INTO opplegg_traits VALUES(15,32);
INSERT INTO opplegg_traits VALUES(15,33);
INSERT INTO opplegg_traits VALUES(15,34);
INSERT INTO opplegg_traits VALUES(15,35);
INSERT INTO opplegg_traits VALUES(16,2);
INSERT INTO opplegg_traits VALUES(16,7);
INSERT INTO opplegg_traits VALUES(16,8);
INSERT INTO opplegg_traits VALUES(16,11);
INSERT INTO opplegg_traits VALUES(16,12);
INSERT INTO opplegg_traits VALUES(16,13);
INSERT INTO opplegg_traits VALUES(16,15);
INSERT INTO opplegg_traits VALUES(16,16);
INSERT INTO opplegg_traits VALUES(16,18);
INSERT INTO opplegg_traits VALUES(16,20);
INSERT INTO opplegg_traits VALUES(16,21);
INSERT INTO opplegg_traits VALUES(16,29);
INSERT INTO opplegg_traits VALUES(16,30);
INSERT INTO opplegg_traits VALUES(16,33);
INSERT INTO opplegg_traits VALUES(16,34);
INSERT INTO opplegg_traits VALUES(16,35);
INSERT INTO opplegg_traits VALUES(16,36);
INSERT INTO opplegg_traits VALUES(17,2);
INSERT INTO opplegg_traits VALUES(17,3);
INSERT INTO opplegg_traits VALUES(17,4);
INSERT INTO opplegg_traits VALUES(17,6);
INSERT INTO opplegg_traits VALUES(17,7);
INSERT INTO opplegg_traits VALUES(17,9);
INSERT INTO opplegg_traits VALUES(17,10);
INSERT INTO opplegg_traits VALUES(17,14);
INSERT INTO opplegg_traits VALUES(17,15);
INSERT INTO opplegg_traits VALUES(17,18);
INSERT INTO opplegg_traits VALUES(17,19);
INSERT INTO opplegg_traits VALUES(17,29);
INSERT INTO opplegg_traits VALUES(17,31);
INSERT INTO opplegg_traits VALUES(17,33);
INSERT INTO opplegg_traits VALUES(17,34);
INSERT INTO opplegg_traits VALUES(17,35);
INSERT INTO opplegg_traits VALUES(17,36);
INSERT INTO opplegg_traits VALUES(18,2);
INSERT INTO opplegg_traits VALUES(18,3);
INSERT INTO opplegg_traits VALUES(18,4);
INSERT INTO opplegg_traits VALUES(18,6);
INSERT INTO opplegg_traits VALUES(18,7);
INSERT INTO opplegg_traits VALUES(18,9);
INSERT INTO opplegg_traits VALUES(18,14);
INSERT INTO opplegg_traits VALUES(18,18);
INSERT INTO opplegg_traits VALUES(18,19);
INSERT INTO opplegg_traits VALUES(18,31);
INSERT INTO opplegg_traits VALUES(18,33);
INSERT INTO opplegg_traits VALUES(18,34);
INSERT INTO opplegg_traits VALUES(18,35);
INSERT INTO opplegg_traits VALUES(19,2);
INSERT INTO opplegg_traits VALUES(19,3);
INSERT INTO opplegg_traits VALUES(19,4);
INSERT INTO opplegg_traits VALUES(19,5);
INSERT INTO opplegg_traits VALUES(19,7);
INSERT INTO opplegg_traits VALUES(19,9);
INSERT INTO opplegg_traits VALUES(19,10);
INSERT INTO opplegg_traits VALUES(19,11);
INSERT INTO opplegg_traits VALUES(19,14);
INSERT INTO opplegg_traits VALUES(19,15);
INSERT INTO opplegg_traits VALUES(19,18);
INSERT INTO opplegg_traits VALUES(19,19);
INSERT INTO opplegg_traits VALUES(19,29);
INSERT INTO opplegg_traits VALUES(19,31);
INSERT INTO opplegg_traits VALUES(19,33);
INSERT INTO opplegg_traits VALUES(19,34);
INSERT INTO opplegg_traits VALUES(19,35);
INSERT INTO opplegg_traits VALUES(19,36);
INSERT INTO opplegg_traits VALUES(21,2);
INSERT INTO opplegg_traits VALUES(21,4);
INSERT INTO opplegg_traits VALUES(21,7);
INSERT INTO opplegg_traits VALUES(21,8);
INSERT INTO opplegg_traits VALUES(21,11);
INSERT INTO opplegg_traits VALUES(21,12);
INSERT INTO opplegg_traits VALUES(21,15);
INSERT INTO opplegg_traits VALUES(21,16);
INSERT INTO opplegg_traits VALUES(21,18);
INSERT INTO opplegg_traits VALUES(21,23);
INSERT INTO opplegg_traits VALUES(21,25);
INSERT INTO opplegg_traits VALUES(21,31);
INSERT INTO opplegg_traits VALUES(21,36);
INSERT INTO opplegg_traits VALUES(22,2);
INSERT INTO opplegg_traits VALUES(22,3);
INSERT INTO opplegg_traits VALUES(22,4);
INSERT INTO opplegg_traits VALUES(22,6);
INSERT INTO opplegg_traits VALUES(22,9);
INSERT INTO opplegg_traits VALUES(22,10);
INSERT INTO opplegg_traits VALUES(22,14);
INSERT INTO opplegg_traits VALUES(22,15);
INSERT INTO opplegg_traits VALUES(22,18);
INSERT INTO opplegg_traits VALUES(22,19);
INSERT INTO opplegg_traits VALUES(22,31);
INSERT INTO opplegg_traits VALUES(22,33);
INSERT INTO opplegg_traits VALUES(22,34);
INSERT INTO opplegg_traits VALUES(22,35);
INSERT INTO opplegg_traits VALUES(22,36);
INSERT INTO opplegg_traits VALUES(22,37);
INSERT INTO opplegg_traits VALUES(23,2);
INSERT INTO opplegg_traits VALUES(23,3);
INSERT INTO opplegg_traits VALUES(23,4);
INSERT INTO opplegg_traits VALUES(23,5);
INSERT INTO opplegg_traits VALUES(23,6);
INSERT INTO opplegg_traits VALUES(23,7);
INSERT INTO opplegg_traits VALUES(23,9);
INSERT INTO opplegg_traits VALUES(23,10);
INSERT INTO opplegg_traits VALUES(23,11);
INSERT INTO opplegg_traits VALUES(23,14);
INSERT INTO opplegg_traits VALUES(23,18);
INSERT INTO opplegg_traits VALUES(23,19);
INSERT INTO opplegg_traits VALUES(23,32);
INSERT INTO opplegg_traits VALUES(23,33);
INSERT INTO opplegg_traits VALUES(23,34);
INSERT INTO opplegg_traits VALUES(23,35);
INSERT INTO opplegg_traits VALUES(23,36);
INSERT INTO opplegg_traits VALUES(24,2);
INSERT INTO opplegg_traits VALUES(24,7);
INSERT INTO opplegg_traits VALUES(24,11);
INSERT INTO opplegg_traits VALUES(24,12);
INSERT INTO opplegg_traits VALUES(24,13);
INSERT INTO opplegg_traits VALUES(24,15);
INSERT INTO opplegg_traits VALUES(24,16);
INSERT INTO opplegg_traits VALUES(24,17);
INSERT INTO opplegg_traits VALUES(24,18);
INSERT INTO opplegg_traits VALUES(24,29);
INSERT INTO opplegg_traits VALUES(24,30);
INSERT INTO opplegg_traits VALUES(24,32);
INSERT INTO opplegg_traits VALUES(24,33);
INSERT INTO opplegg_traits VALUES(24,34);
INSERT INTO opplegg_traits VALUES(24,36);
INSERT INTO opplegg_traits VALUES(25,2);
INSERT INTO opplegg_traits VALUES(25,3);
INSERT INTO opplegg_traits VALUES(25,4);
INSERT INTO opplegg_traits VALUES(25,5);
INSERT INTO opplegg_traits VALUES(25,6);
INSERT INTO opplegg_traits VALUES(25,7);
INSERT INTO opplegg_traits VALUES(25,9);
INSERT INTO opplegg_traits VALUES(25,10);
INSERT INTO opplegg_traits VALUES(25,14);
INSERT INTO opplegg_traits VALUES(25,15);
INSERT INTO opplegg_traits VALUES(25,18);
INSERT INTO opplegg_traits VALUES(25,19);
INSERT INTO opplegg_traits VALUES(25,29);
INSERT INTO opplegg_traits VALUES(25,33);
INSERT INTO opplegg_traits VALUES(25,34);
INSERT INTO opplegg_traits VALUES(25,35);
INSERT INTO opplegg_traits VALUES(25,36);
INSERT INTO opplegg_traits VALUES(26,2);
INSERT INTO opplegg_traits VALUES(26,3);
INSERT INTO opplegg_traits VALUES(26,4);
INSERT INTO opplegg_traits VALUES(26,7);
INSERT INTO opplegg_traits VALUES(26,9);
INSERT INTO opplegg_traits VALUES(26,10);
INSERT INTO opplegg_traits VALUES(26,11);
INSERT INTO opplegg_traits VALUES(26,14);
INSERT INTO opplegg_traits VALUES(26,15);
INSERT INTO opplegg_traits VALUES(26,16);
INSERT INTO opplegg_traits VALUES(26,18);
INSERT INTO opplegg_traits VALUES(26,19);
INSERT INTO opplegg_traits VALUES(26,32);
INSERT INTO opplegg_traits VALUES(26,34);
INSERT INTO opplegg_traits VALUES(27,2);
INSERT INTO opplegg_traits VALUES(27,3);
INSERT INTO opplegg_traits VALUES(27,4);
INSERT INTO opplegg_traits VALUES(27,7);
INSERT INTO opplegg_traits VALUES(27,9);
INSERT INTO opplegg_traits VALUES(27,10);
INSERT INTO opplegg_traits VALUES(27,11);
INSERT INTO opplegg_traits VALUES(27,14);
INSERT INTO opplegg_traits VALUES(27,15);
INSERT INTO opplegg_traits VALUES(27,18);
INSERT INTO opplegg_traits VALUES(27,19);
INSERT INTO opplegg_traits VALUES(27,23);
INSERT INTO opplegg_traits VALUES(27,33);
INSERT INTO opplegg_traits VALUES(27,34);
INSERT INTO opplegg_traits VALUES(27,35);
INSERT INTO opplegg_traits VALUES(27,36);
INSERT INTO opplegg_traits VALUES(28,2);
INSERT INTO opplegg_traits VALUES(28,3);
INSERT INTO opplegg_traits VALUES(28,4);
INSERT INTO opplegg_traits VALUES(28,7);
INSERT INTO opplegg_traits VALUES(28,9);
INSERT INTO opplegg_traits VALUES(28,10);
INSERT INTO opplegg_traits VALUES(28,11);
INSERT INTO opplegg_traits VALUES(28,14);
INSERT INTO opplegg_traits VALUES(28,18);
INSERT INTO opplegg_traits VALUES(28,23);
INSERT INTO opplegg_traits VALUES(28,32);
INSERT INTO opplegg_traits VALUES(28,35);
INSERT INTO opplegg_traits VALUES(28,36);
INSERT INTO opplegg_traits VALUES(29,1);
INSERT INTO opplegg_traits VALUES(29,2);
INSERT INTO opplegg_traits VALUES(29,3);
INSERT INTO opplegg_traits VALUES(29,4);
INSERT INTO opplegg_traits VALUES(29,7);
INSERT INTO opplegg_traits VALUES(29,8);
INSERT INTO opplegg_traits VALUES(29,9);
INSERT INTO opplegg_traits VALUES(29,15);
INSERT INTO opplegg_traits VALUES(29,16);
INSERT INTO opplegg_traits VALUES(29,18);
INSERT INTO opplegg_traits VALUES(29,19);
INSERT INTO opplegg_traits VALUES(29,23);
INSERT INTO opplegg_traits VALUES(29,25);
INSERT INTO opplegg_traits VALUES(29,31);
INSERT INTO opplegg_traits VALUES(29,32);
INSERT INTO opplegg_traits VALUES(29,34);
INSERT INTO opplegg_traits VALUES(29,36);
INSERT INTO opplegg_traits VALUES(29,37);
INSERT INTO opplegg_traits VALUES(30,2);
INSERT INTO opplegg_traits VALUES(30,5);
INSERT INTO opplegg_traits VALUES(30,7);
INSERT INTO opplegg_traits VALUES(30,8);
INSERT INTO opplegg_traits VALUES(30,12);
INSERT INTO opplegg_traits VALUES(30,15);
INSERT INTO opplegg_traits VALUES(30,18);
INSERT INTO opplegg_traits VALUES(30,21);
INSERT INTO opplegg_traits VALUES(30,28);
INSERT INTO opplegg_traits VALUES(30,29);
INSERT INTO opplegg_traits VALUES(30,30);
INSERT INTO opplegg_traits VALUES(30,32);
INSERT INTO opplegg_traits VALUES(30,34);
INSERT INTO opplegg_traits VALUES(31,1);
INSERT INTO opplegg_traits VALUES(31,2);
INSERT INTO opplegg_traits VALUES(31,3);
INSERT INTO opplegg_traits VALUES(31,6);
INSERT INTO opplegg_traits VALUES(31,7);
INSERT INTO opplegg_traits VALUES(31,8);
INSERT INTO opplegg_traits VALUES(31,11);
INSERT INTO opplegg_traits VALUES(31,12);
INSERT INTO opplegg_traits VALUES(31,13);
INSERT INTO opplegg_traits VALUES(31,15);
INSERT INTO opplegg_traits VALUES(31,16);
INSERT INTO opplegg_traits VALUES(31,18);
INSERT INTO opplegg_traits VALUES(31,19);
INSERT INTO opplegg_traits VALUES(31,29);
INSERT INTO opplegg_traits VALUES(31,31);
INSERT INTO opplegg_traits VALUES(31,32);
INSERT INTO opplegg_traits VALUES(31,34);
INSERT INTO opplegg_traits VALUES(31,35);
INSERT INTO opplegg_traits VALUES(31,36);
INSERT INTO opplegg_traits VALUES(31,37);
INSERT INTO opplegg_traits VALUES(32,2);
INSERT INTO opplegg_traits VALUES(32,7);
INSERT INTO opplegg_traits VALUES(32,9);
INSERT INTO opplegg_traits VALUES(32,12);
INSERT INTO opplegg_traits VALUES(32,14);
INSERT INTO opplegg_traits VALUES(32,15);
INSERT INTO opplegg_traits VALUES(32,18);
INSERT INTO opplegg_traits VALUES(32,31);
INSERT INTO opplegg_traits VALUES(32,32);
INSERT INTO opplegg_traits VALUES(32,36);
INSERT INTO opplegg_traits VALUES(33,1);
INSERT INTO opplegg_traits VALUES(33,2);
INSERT INTO opplegg_traits VALUES(33,6);
INSERT INTO opplegg_traits VALUES(33,7);
INSERT INTO opplegg_traits VALUES(33,11);
INSERT INTO opplegg_traits VALUES(33,15);
INSERT INTO opplegg_traits VALUES(33,16);
INSERT INTO opplegg_traits VALUES(33,17);
INSERT INTO opplegg_traits VALUES(33,18);
INSERT INTO opplegg_traits VALUES(33,20);
INSERT INTO opplegg_traits VALUES(33,21);
INSERT INTO opplegg_traits VALUES(33,22);
INSERT INTO opplegg_traits VALUES(33,29);
INSERT INTO opplegg_traits VALUES(33,30);
INSERT INTO opplegg_traits VALUES(33,32);
INSERT INTO opplegg_traits VALUES(33,33);
INSERT INTO opplegg_traits VALUES(33,35);
INSERT INTO opplegg_traits VALUES(33,36);
INSERT INTO opplegg_traits VALUES(20,2);
INSERT INTO opplegg_traits VALUES(20,3);
INSERT INTO opplegg_traits VALUES(20,4);
INSERT INTO opplegg_traits VALUES(20,7);
INSERT INTO opplegg_traits VALUES(20,9);
INSERT INTO opplegg_traits VALUES(20,10);
INSERT INTO opplegg_traits VALUES(20,14);
INSERT INTO opplegg_traits VALUES(20,18);
INSERT INTO opplegg_traits VALUES(20,19);
INSERT INTO opplegg_traits VALUES(20,29);
INSERT INTO opplegg_traits VALUES(20,33);
INSERT INTO opplegg_traits VALUES(20,34);
INSERT INTO opplegg_traits VALUES(20,35);
INSERT INTO opplegg_traits VALUES(20,36);
CREATE TABLE opplegg_user_favorites (
	opplegg_id INTEGER, 
	user_id INTEGER, 
	FOREIGN KEY(opplegg_id) REFERENCES opplegg (id), 
	FOREIGN KEY(user_id) REFERENCES user (id)
);
INSERT INTO opplegg_user_favorites VALUES(1,1);
INSERT INTO opplegg_user_favorites VALUES(2,1);
INSERT INTO opplegg_user_favorites VALUES(15,1);
INSERT INTO opplegg_user_favorites VALUES(26,1);
INSERT INTO opplegg_user_favorites VALUES(25,1);
INSERT INTO opplegg_user_favorites VALUES(27,1);
INSERT INTO opplegg_user_favorites VALUES(18,1);
INSERT INTO opplegg_user_favorites VALUES(5,1);
INSERT INTO opplegg_user_favorites VALUES(32,1);
CREATE TABLE IF NOT EXISTS "trait" (
	"id"	INTEGER NOT NULL,
	"name"	VARCHAR(100),
	"klasse"	VARCHAR(100),
	"forklaring"	VARCHAR(500),
	PRIMARY KEY("id")
);
INSERT INTO trait VALUES(1,'Vurdering','Type','Opplegget passer til å vurdere kompetanse');
INSERT INTO trait VALUES(2,'Fysisk','Type','Elevene må være tilstede på skolen');
INSERT INTO trait VALUES(3,'Digitalt','Type','Elevene kan være på Teams');
INSERT INTO trait VALUES(4,'Hjemmearbeid','Type','Egner seg som lekse');
INSERT INTO trait VALUES(5,'Lek/Spill','Type','Er en lek eller ett spill');
INSERT INTO trait VALUES(6,'Tverrfagelig','Type','Passer til å kombinere fag');
INSERT INTO trait VALUES(7,'Lærerstyrt','Type','Styres av læreren');
INSERT INTO trait VALUES(8,'Elevstyrt','Type','Styres av elevene');
INSERT INTO trait VALUES(9,'Individuelt','Antall elever','Elevene jobber en og en');
INSERT INTO trait VALUES(10,'Par','Antall elever','Elevene jobber i par');
INSERT INTO trait VALUES(11,'Liten gruppe','Antall elever','Elevene jobber i små grupper');
INSERT INTO trait VALUES(12,'Stor gruppe','Antall elever','Elevene jobber i store grupper');
INSERT INTO trait VALUES(13,'Flere klasser','Antall elever','Opplegget egner seg til flere klasser som har undervisning sammen');
INSERT INTO trait VALUES(14,'-10 min','Tid','Opplegget tar under 10 minutter');
INSERT INTO trait VALUES(15,'10-30 min','Tid','Opplegget tar mellom 10 og 30 minutter');
INSERT INTO trait VALUES(16,'30-90 min','Tid','Opplegget tar mellom 30 og 90 minutter');
INSERT INTO trait VALUES(17,'90+ min','Tid','Opplegget tar over 90 minutter');
INSERT INTO trait VALUES(18,'Klasserom','Sted','Kan gjøres i klasserommet');
INSERT INTO trait VALUES(19,'Hjemme','Sted','Kan gjøres hjemme');
INSERT INTO trait VALUES(20,'Ute','Sted','Kan gjøres ute');
INSERT INTO trait VALUES(21,'Fellesareal','Sted','Kan gjøres i fellesareal');
INSERT INTO trait VALUES(22,'Gymsal','Sted','Kan gjøres i gymsal');
INSERT INTO trait VALUES(23,'PC','Trenger','Elevene/lærer trenger PC/Mac');
INSERT INTO trait VALUES(24,'Mobil','Trenger','Elevene/lærer må ha mobiltelefon');
INSERT INTO trait VALUES(25,'Internett','Trenger','Elevene/lærer må ha internett');
INSERT INTO trait VALUES(26,'Utskrift','Trenger','Opplegget krever utskrift på forhånd eller underveis');
INSERT INTO trait VALUES(27,'Smartskjerm','Trenger','Opplegget krever smartskjerm');
INSERT INTO trait VALUES(28,'Innkjøp','Trenger','Lærer må kjøpe inn noe på forhånd');
INSERT INTO trait VALUES(29,'Forberedelser','Trenger','Læreren må forberede noe (spørsmål, oppgaver, grupper eller annet)');
INSERT INTO trait VALUES(30,'Bli kjent','Hensikt','Opplegget passer til å bli kjent');
INSERT INTO trait VALUES(31,'Roe ned','Hensikt','Opplegget passer til å roe ned elevene');
INSERT INTO trait VALUES(32,'Aktivere','Hensikt','Opplegget passer for å aktivisere elevene');
INSERT INTO trait VALUES(33,'Utforske','Hensikt','Elevene får utforsket i opplegget');
INSERT INTO trait VALUES(34,'Kritisk tenkning','Hensikt','Elevene må tenke kristisk i dette opplegget');
INSERT INTO trait VALUES(35,'Oppstart','Hensikt','Opplegget egner seg til oppstart av timen eller tema');
INSERT INTO trait VALUES(36,'Oppsummere','Hensikt','Opplegget egner seg til oppsummering av timen eller tema');
INSERT INTO trait VALUES(37,'Eksamen','Hensikt','Egner seg eksamenstrening');
CREATE TABLE comments (
	id INTEGER NOT NULL, 
	opplegg_id INTEGER NOT NULL, 
	user_id INTEGER NOT NULL, 
	content TEXT NOT NULL, 
	created_at DATETIME, 
	PRIMARY KEY (id), 
	FOREIGN KEY(opplegg_id) REFERENCES opplegg (id), 
	FOREIGN KEY(user_id) REFERENCES user (id)
);
INSERT INTO comments VALUES(1,1,1,'Denne er fin å kombinere med loppemarked-opplegget som også ligger på siden.','2024-11-21 08:52:31.954981');
COMMIT;
